<?xml version="1.0" encoding="windows-1250"?>
<doc>
    <defaults>
        <defaultpage>index.pl</defaultpage>
    </defaults>
    <metadata>
        <heading>Thai Salmon Salad</heading>
        <linktext>Thai Salad</linktext>
        <keywords>Salmon, salad, Thai</keywords>
        <description>Thai Salmon Salad</description>
        <author>MIJE</author>
    </metadata>
    <content>
        <body><b>Thai Salmon Salad</b><ul><li>Water cress</li><li>Spinach</li><li>Iceberg lettuce</li><li>Red pepper</li><li>Cucumber</li><li>Fine beans</li><li>Fresh basil</li><li>Lime</li><li>Sesame oil</li><li>Pine nuts</li><li>Black pepper</li><li>Bean thread noodles</li><li>Chicken OXO</li><li>Dark soy sauce</li><li>Salt</li></ul>Blanche the beans and mix with the other greens. Make a dressing with the lime, sesame oil, pine nuts and pepper.Cook the noodles and flavour with the OXO, some soy, salt and sesame oil. Mix in with the salad.Chunk the salmon with sesame oil, some leftover stock from the noodles, a squeeze of lime and black pepper. Microwave covered for about 3 - 4 minutes...</body>
        <other>{CMS_ALTCONTENT}</other>
    </content>
</doc>
