<?xml version="1.0" encoding="windows-1250"?>
<doc>
    <defaults>
        <defaultpage>index</defaultpage>
        <currentdirectory></currentdirectory>
        <owner>{CMS_OWNER}</owner>
    </defaults>
    <metadata>
        <heading>Chicken dishes</heading>
        <linktext>Chicken dishes</linktext>
        <keywords>Chicken dishes</keywords>
        <description>Chicken dishes</description>
        <author>Chicken dishes</author>
    </metadata>
    <content>
        <body>[placeholder]</body>
        <other>{CMS_ALTCONTENT}</other>
    </content>
</doc>
