<?xml version="1.0" encoding="windows-1250"?>
<doc>
    <defaults>
        <defaultpage>index.pl</defaultpage>
    </defaults>
    <metadata>
        <heading>Italian Chicken Salad</heading>
        <linktext>Chicken Salad</linktext>
        <keywords>Italian, Chicken, Salad</keywords>
        <description>Italian Chicken Salad</description>
        <author>MIJE</author>
    </metadata>
    <content>
        <body>Ingredients:Baby spinach leaves, thoroughly washedBig bag of mixed salad leaves including plenty of herbsBlanched fine beansBig bunch of fresh basilCooked pasta - the twirly ones are nice with thisHandfull of freshly grated parmesan cheeseBlack olives - pittedFresh black pepperStrips of chicken breast2 cloves of garlic, finely chopped.This is a very easy one:Take one good non-stick pan. Melt in a knob of butter and a little olive oil over a medium head. Add the garlic and fry gently for a minute. Add the chicken and some basil. Fry for around 10 minutes or until the chicken is thoroughly cooked.Then, and this is the tricky part - put all the ingredients into a big bowl with a desert spoon of pesto and mix.  As always - serve with crusty bread and Pinot Grigio.</body>
        <other>{CMS_ALTCONTENT}</other>
    </content>
</doc>
