<?xml version="1.0" encoding="windows-1250"?>
<doc>
    <defaults>
        <defaultpage>index.pl</defaultpage>
    </defaults>
    <metadata>
        <heading>Fine Feta Beans</heading>
        <linktext>Fine Feta Beans</linktext>
        <keywords>feta, beans, </keywords>
        <description>feta beans</description>
        <author>mije</author>
    </metadata>
    <content>
        <body>Vaguely introduce a pack of trimmed fine green beans to hot water with a little salt.Roughly chop a block of feta cheese. Drain the beans and put into a bowl with the feta, a generous glug of extra virgin olive oil and a handful of chopped fresh basil. Delicious.</body>
        <other>{CMS_ALTCONTENT}</other>
    </content>
</doc>
