<?xml version="1.0" encoding="windows-1250"?>
<doc>
    <defaults>
        <defaultpage>index</defaultpage>
        <currentdirectory></currentdirectory>
        <owner>{CMS_OWNER}</owner>
    </defaults>
    <metadata>
        <heading>Veg dishes</heading>
        <linktext>Veg dishes</linktext>
        <keywords>Veg dishes</keywords>
        <description>Veg dishes</description>
        <author>Veg dishes</author>
    </metadata>
    <content>
        <body>These are quick and simple side dishes.</body>
        <other>{CMS_ALTCONTENT}</other>
    </content>
</doc>
