<?xml version="1.0" encoding="windows-1250"?>
<doc>
    <defaults>
        <defaultpage>index</defaultpage>
        <currentdirectory></currentdirectory>
        <owner>{CMS_OWNER}</owner>
    </defaults>
    <metadata>
        <heading>Desserts</heading>
        <linktext>Desserts</linktext>
        <keywords>Desserts</keywords>
        <description>Desserts</description>
        <author>Desserts</author>
    </metadata>
    <content>
        <body>[placeholder]</body>
        <other>{CMS_ALTCONTENT}</other>
    </content>
</doc>
