<?xml version="1.0" encoding="windows-1250"?>
<doc>
    <defaults>
        <defaultpage>index.pl</defaultpage>
    </defaults>
    <metadata>
        <heading>Ginger Apple Vod</heading>
        <linktext>Ginger Apple Vod</linktext>
        <keywords>Ginger, Beer, Apple, Crushed, Vodka, </keywords>
        <description>Ginger Apple Vod</description>
        <author>Mije</author>
    </metadata>
    <content>
        <body>This is a great fresh cocktail. This makes a jug containing around 4 servings.Ingredients:1/2 pint organic pressed apple juice1/2 pint fiery ginger beer8 shots good quality vodkajuice of half a limesprig of mint4 thin slices of fresh ginger4 wedges of lime4 thin slices of applePut it all in a big jug and stir.Fill 4 glasses with ice. Pour in the glasses. Put glass gently to lips, drink. Repeat several times. Fall over.</body>
        <other>{CMS_ALTCONTENT}</other>
    </content>
</doc>
