<?xml version="1.0" encoding="windows-1250"?>
<doc>
    <defaults>
        <defaultpage>index</defaultpage>
        <currentdirectory></currentdirectory>
        <owner>{CMS_OWNER}</owner>
    </defaults>
    <metadata>
        <heading>Cocktails</heading>
        <linktext>Cocktails</linktext>
        <keywords>Cocktails</keywords>
        <description>Cocktails</description>
        <author>Cocktails</author>
    </metadata>
    <content>
        <body>We all know, booze is great. And what's better than mixing up your favourite tipples with a fresh juices and herbs. Go on - play around - drink irresponsibly! </body>
        <other>{CMS_ALTCONTENT}</other>
    </content>
</doc>
