<?xml version="1.0" encoding="windows-1250"?>
<doc>
    <defaults>
        <defaultpage>index</defaultpage>
        <currentdirectory></currentdirectory>
        <owner>{CMS_OWNER}</owner>
    </defaults>
    <metadata>
        <heading>Meat dishes</heading>
        <linktext>Meat dishes</linktext>
        <keywords>Meat dishes</keywords>
        <description>Meat dishes</description>
        <author>Meat dishes</author>
    </metadata>
    <content>
        <body>A page of meat dishes.</body>
        <other>{CMS_ALTCONTENT}</other>
    </content>
</doc>
